Policy,Govern,Identify,Protect,Detect,Respond,Recover
MD_DOIT_CyberRiskMgmt_Policy,2,2,1,1,1,1
MD_DOIT_ContinuousMonitoring_Policy,1,0,0,2,1,0
MD_DOIT_SystemNetworkSecurity_Policy,1,1,2,1,0,1
MD_IT_SecurityManual,2,2,2,2,2,2
MD_Judicial_InfoSecurity_Policy,2,2,2,2,2,2
MD_DHMH_IT_SecurityPolicy,2,2,2,2,2,2
MD_MSDE_AUP_2024,1,0,2,1,1,0
2019 Business Plan-compressed,0,0,0,0,0,0
2023-03-13-Agenda-and-Documents-compressed,0,0,0,0,0,0
MD_CybersecurityCouncil_Report_2025,2,2,1,0,1,0
MD_Procurement_Manual,0,0,0,0,0,0
mpi3-25-compressed,0,0,0,0,0,0
mdpy2023wiaannrep-compressed,0,0,0,0,0,0
